id,name,website,address,municipality,county,lat,long,phone_number,rating,place_id
205traas8172,"2050 Trafikkskole AS",2050.no/,"Leirvegen 6, 2050 Jessheim",Ullensaker,Viken,60.14649929999999,11.1669062,"998 99 988",5,ChIJm_xcrpuBQUYRZ3oAXHaANYQ
3ertraas4324,"3`ern Trafikkskole AS",3ern.no/,"Schwartz gate 2, 3043 Drammen",Drammen,Viken,59.7347247,10.2010675,"32 89 89 70",3.9,ChIJY_fTm7I8QUYREpRDMj5Llu4
aastrafa3705,"칀s Trafikkskole",aastrafikkskole.no/,"Moerveien 14, 1430 칀s",칀s,Viken,59.66136580000001,10.7938835,"64 94 08 53",5,ChIJbYu8a0NbQUYRKoI5wEnctlA
aatrasli1495,"Aas Trafikkskole AS - Lillestrom, Skedsmo",aastrafikk.no/,"Skjettenveien 14, 2010 Str칮mmen",Lillestr칮m,Viken,59.9588206,11.0161422,"906 03 333",5,ChIJQZvNUrJtQUYRrmmU0KxGDYY
abctraas2538,"ABC Trafikkskole AS",abctrafikkskole.net/,"Hagegata 36, 0653 Oslo","Oslo kommune",Oslo,59.9135177,10.7765929,"22 19 56 34",5,ChIJX0dCsFluQUYR9ZcPaPfxBoU
abetrafl9558,"Abe trafikkskole",abe.no/,"Haneborgveien 91, 1472 Fjellhamar",L칮renskog,Viken,59.94094089999999,10.9796689,"67 90 99 23",5,ChIJBxFsQi17QUYR5WEo_2F8ByI
abitraos8105,"Abilds칮 Trafikkskole",abildso-trafikkskole.no/,"Munkerudtunet 29, 1164 Oslo","Oslo kommune",Oslo,59.85955019999999,10.8122278,"975 17 545",5,ChIJj5A93y5vQUYRvgNC_r36Iho
abtraasa2744,"A&B trafikkskole AS",asker.abtrafikkskole.no/,"Rognliveien 15, 3440 R칮yken",Asker,Viken,59.7454316,10.4155767,"987 67 171",5,ChIJibjQ8fs-QUYRc5ytfGcthTw
abtraask7394,"AB Trafikkskole (Asker)",abtrafikkskole.no/,"R칮ykenveien 70B, 1386 Asker",Asker,Viken,59.8276583,10.4381733,"987 67 170",5,ChIJ4S-h64wUQUYRCKLydRbH_Rk
abtrabae0798,"AB Trafikkskole (B칝rum)",abtrafikkskole.no/,"Jens Rings vei 30, 1357 Bekkestua",B칝rum,Viken,59.9179849,10.5876154,"67 10 46 46",4.8,ChIJt5X0NtFsQUYRxNOVk9AB9h0
abtraosl1549,"AB Trafikksenter",abtrafikksenterasavdrommen.tabs.no/,"Nedre Rommen 1, 0988 Oslo","Oslo kommune",Oslo,59.96288849999999,10.9074807,"22 10 92 50",3.9,ChIJc8xldaR6QUYR2Oo83Qtx3mo
akttraas5878,"Aktiv Trafikkskole AS",aktivtrafikkskole.no/,"Stovner Senter 3, 0985 Oslo","Oslo kommune",Oslo,59.9609166,10.9266828,"909 09 022",4.9,ChIJmcpkbr16QUYRYYYpJ-Q44t8
alfatraf8548,"Alfa Trafikkskole",alfatrafikkskole.no/index.php/arnes,"Pakkhusgata 1C, 2150 칀rnes",Nes,Viken,60.1242435,11.4664506,"63 90 19 19",5,ChIJq9JyMPMsQkYRlwUbHgopkq4
alftraje0449,"Alfa Trafikkskole Jessheim",alfatrafikkskole.no/,"Trondheimsvegen - Jessheim 100, 2050 Jessheim",Ullensaker,Viken,60.1447005,11.1690447,"63 97 29 30",,ChIJXcm7Xb2BQUYR3WDjZYWJ1Cg
alntraos5494,"Alna Trafikkskole",alnatrafikkskole.no/,"Risl칮kkveien 51, 0583 Oslo","Oslo kommune",Oslo,59.9322567,10.8193827,"22 72 02 32",4.5,ChIJ_9tLoclvQUYRbELmWcWsi-U
anntraos9721,"Annas Trafikkskole",annas-trafikkskole.no/,"Holsts gate 10, 0473 Oslo","Oslo kommune",Oslo,59.9316433,10.7617722,"22 37 85 58",5,ChIJ60BtdWtuQUYREqaBVbY1ELo
arnloesk2035,"Arnfinn Loe Skole",arnfinnloeskole.no/,"Stasjonsgata 1, 3300 Hokksund","칒vre Eiker",Viken,59.77237539999999,9.909372200000002,"900 17 811",,ChIJE3cNSGHfQEYRsHqk_xpdPsI
atetraos6431,"A-Team Trafikkskole",a-teamtrafikkskole.no/,"Oscars gate 27, 0352 Oslo","Oslo kommune",Oslo,59.92188530000001,10.7250653,"912 00 500",4.8,ChIJe9Q5A9NtQUYRehyyw9LXf7Y
autolamy7935,"Autoteam Olav Myhre trafikkskole",autoteamnannestad.no/,"Teiealleen 7, 2030 Nannestad",Nannestad,Viken,60.2196115,11.0157616,"63 99 77 17",4.3,ChIJ2fX_9KqEQUYRlPerZIdSmoo
autotraf4044,"Autoteam Trafikkskole",autoteam.no/,"Solheimsgata 1, 2000 Lillestr칮m",Lillestr칮m,Viken,59.9552468,11.0498823,"63 81 81 01",5,ChIJm6HpkaB8QUYRG23lC8nYuUc
auttrala4836,"Autoriserte Trafikkskolers Landsforbund",atl.no/,"Leif Tronstads plass 6, 1337 Sandvika",B칝rum,Viken,59.89298830000001,10.5240223,"22 62 60 80",4,ChIJPSW1ghBvQUYRLhqcb1x86Vo
baemcsko9530,"B칝rum Mc Skole",b칝rummcskole.no/,"B칝rumsveien 383, 1346 Gjettum",B칝rum,Viken,59.90844629999999,10.5315047,"450 32 278",5,ChIJeZkOm7QTQUYRh_ANZb-B70U
baetraas8291,"B칝rum Trafikkskole as",b칝rumtrafikkskole.no/,"Gran친sen 18, 1362 Hosle",B칝rum,Viken,59.9362576,10.5843578,"67 14 00 10",4.8,ChIJ116aQi1tQUYRLrvRl-7nHqE
baetragj9649,"B칝rum Trafikkskole - Gjettum",b칝rumtrafikkskole.no/,"B칝rumsveien 383, 1346 Gjettum",B칝rum,Viken,59.9084659,10.5315123,"67 14 00 10",4.7,ChIJaaikbxUTQUYRNibgwpPMdbw
bedritra5063,"BE Driver trafikkskole",bedrivertrafikkskole.no/,"Schwartz gate 42, 3043 Drammen",Drammen,Viken,59.7330263,10.2084912,"462 17 216",3.6,ChIJ39vTBLM8QUYROB--wIFB_So
bedrscas1953,"Best driving school AS",best-trafikkskole.no/,"Ekebergveien 178, 1162 Oslo","Oslo kommune",Oslo,59.8717256,10.7907414,"414 37 979",3.9,ChIJ8yI1Ny9vQUYRoVzG7uQqM6g
biogbutr7855,"Bil og Buss Trafikkskole",bilogbusstrafikkskole.no/,"S칮ren Bulls Vei 2, 1051 Oslo","Oslo kommune",Oslo,59.939318,10.8958466,"22 30 20 00",5,ChIJIV0_yThuQUYRzgcg0wiyBVg
bjotraas7184,"Bj칮rkelangen Trafikkskole AS",bjorkelangentrafikkskole.no/,"Bliksrudveien 6, 1940 Bj칮rkelangen",Aurskog-H칮land,Viken,59.887003,11.5636075,"415 44 857",,ChIJzRGc6MzFQ0YRaxmXrg3fyow
bjtatrda7787,"Bj칮lsen - T친sen Trafikkinstitutt DA",bjolsen.no/,"Maridalsveien 264, 0872 Oslo","Oslo kommune",Oslo,59.9473308,10.7597547,"22 23 01 08",,ChIJIUsFlBpuQUYROwLBaef4-6U
blitraos2314,"Blindern Trafikkskole",blinderntrafikkskole.no/,"Apalveien 60, 0371 Oslo","Oslo kommune",Oslo,59.9399501,10.7168658,"923 03 040",5,ChIJsYJ82-dtQUYRXQJLVA8cgmM
bobtraav3754,"BOB Trafikkskole avd Sarpsborg",bob-trafikkskole.no/,"St. Marie gate 96, 1706 Sarpsborg",Sarpsborg,Viken,59.28343389999999,11.1106953,"934 90 800",,ChIJ265N9YYGREYRSfyohiRqXcI
bobtraff8192,"BOB Trafikkskole",bob-trafikkskole.no/,"Ilaveien 28, 1605 Fredrikstad",Fredrikstad,Viken,59.2193073,10.9449105,"934 90 800",3.5,ChIJpXCMiR8DREYR4bbW6P0dVhE
bobtrafm8197,"Bob Trafikkskole",bob-trafikkskole.no/,"Dyreveien 2, 1532 Moss",Moss,Viken,59.4277317,10.6707113,"934 90 800",4.4,ChIJOc1G-qFSQUYRMdzubI6MKD4
bortraas5213,"Borg Trafikkskole AS",borgtrafikkskole.no/,"Roald Amundsens gate 48, 1723 Sarpsborg",Sarpsborg,Viken,59.2821531,11.1057466,"488 48 776",5,ChIJr9DjP4cGREYRqwzQoTWgbHE
bratrafe9423,"Bra trafikkskole Fetsund",bratrafikkskole.no/,"Fet Arena, 1900 Fetsund",Lillestr칮m,Viken,59.9215092,11.1661768,"63 88 08 00",,ChIJbbYTS7NiQUYReu4Ocr1rR28
bratraso9393,"Bra trafikkskole S칮rumsand",bratrafikkskole.no/,"Fru Natvigs vei 2, 1920 S칮rumsand",Lillestr칮m,Viken,59.9869909,11.2430702,"63 88 08 00",,ChIJCwgGDJnXQ0YR4PsJm9yWrqQ
brogbrtr3398,"Bryn og Brynseng trafikkskole",bryn-brynseng.no/,"칒stensj칮veien 39, 0667 Oslo","Oslo kommune",Oslo,59.9102944,10.8119785,"22 65 54 45",3.1,ChIJEScL9ahvQUYRhquTfBPr8AM
bstraind6279,"BS Trafikkskole",bstrafikkskole.no/,"Folkenborgveien 2, 1850 Mysen","Indre 칒stfold",Viken,59.55567629999999,11.3253024,"900 44 682",5,ChIJUcgmhvPvQ0YR9e-lyfRytZg
cectraas8523,"Cec trafikkskole AS",cectrafikk.no/,"Einar Haflans vei 63, 3036 Drammen",Drammen,Viken,59.69802730000001,10.2674104,"480 05 320",,ChIJzfIpN5k7QUYRB120LsiHEuI
centtraf2584,"Centrum Trafikkskole",centrum-asker.no/,"Bankveien 11, 1383 Asker",Asker,Viken,59.83484970000001,10.4321588,"66 90 25 50",5,ChIJt8RABbcVQUYRJOJYOgKWAis
clautraf5239,"Claudius Trafikkskole",claudius.no/,"N칮tteveien 1, 1715 Yven",Sarpsborg,Viken,59.28183309999999,11.0660747,"984 84 557",4.8,ChIJq1j9VaYGREYRP4ttaHKungM
critraas0042,"Cristin trafikkskole AS",ctrafikkskole.no/,"Hovsveien 8, 1831 Askim","Indre 칒stfold",Viken,59.58127820000001,11.1592698,"922 82 243",5,ChIJ8eugDATlQ0YR3dYo3psSCkQ
dahtraas8242,"Dahl trafikkskole AS",dahltrafikkskole.no/,"Knipleveien 44, 1613 Fredrikstad",Fredrikstad,Viken,59.2238819,10.92837,"69 30 09 00",5,ChIJgaVbUuYCREYRQ4sSxG49neQ
dinkjoas6631,"Din Kj칮reskole AS",dinkjoreskole.no/,"Tordenskiolds gate 22, 3044 Drammen",Drammen,Viken,59.73771989999999,10.2034469,"32 89 50 90",4.2,ChIJl0roEbM8QUYRRudhlBXIBAA
dritimtr3178,"Drive Time trafikkskole AS",drivetime.no/,"Hans Nilsen Hauges vei 2, 1661 Rolvs칮y",Fredrikstad,Viken,59.2496707,10.9907128,"930 04 740",4.6,ChIJkduMrqIDREYRZvxqC6QlrFg
dritradr7775,"Driving Trafikkskole - Drammen",drivingtrafikkskole.no/drammen/,"Blichs gate 3, 3044 Drammen",Drammen,Viken,59.7380515,10.2034217,"32 89 50 00",4,ChIJtymvSbM8QUYR_QXwXEqXzDQ
dritrako4259,"Driving Trafikkskole Kolbotn",drivingtrafikkskole.no/kolbotn/,"S칮nsterudveien 2, 1410 Kolbotn","Nordre Follo",Viken,59.80590339999999,10.8064401,"465 04 444",4.6,ChIJKxK5xWRoQUYRCna3ghw2Vn0
dritrala1025,"Driving Trafikkskole Lambertseter",drivingtrafikkskole.no/lambertseter/,"Raschs vei 40, 1153 Oslo","Oslo kommune",Oslo,59.8798889,10.8051619,"904 81 080",5,ChIJN_SpNQZvQUYREa_A11FsMpY
dritraul8690,"Driving Trafikkskole Ullern",drivingtrafikkskole.no/ullern,"Ullern all칠 2, 0381 Oslo","Oslo kommune",Oslo,59.9259438,10.6413834,"457 76 677",4.7,ChIJ0-AR7QNtQUYRHuYNMCkxpaQ
drlispda5128,"Driving licenses specialist DA",forerkortspesialisten.no/,"Kirkeveien 69, 0364 Oslo","Oslo kommune",Oslo,59.93031509999999,10.7196937,"22 69 26 50",4.2,ChIJ4-yiw9ttQUYRlt-iNvu4U3I
droglitr8638,"Drammen og Lier trafikkskole Atle Johansen",drammenogliertrafikkskole.com/,"St. Halvards gate 1b, 3015 Drammen",Drammen,Viken,59.7412235,10.217385,"908 28 286",5,ChIJXZ5sDcc8QUYRQSjYkA2byyo
drotraas4395,"Dr칮bak Trafikkskole AS",drobaktrafikkskole.no/,"Dr칮bak, Frogn",Dr칮bak,Dr칮bak,59.6690611,10.6488797,"911 79 999",4.1,ChIJRT6Fae1sQUYRrubCMmOFm9o
ecotraas4987,"eco Trafikkskole AS",ecotrafikkskole.no/,"칒kern Torgvei 1, 0580 Oslo","Oslo kommune",Oslo,59.93024419999999,10.8056581,"988 06 688",4.9,ChIJ7Y5SrEpuQUYRWIqnQbNApAI
eidtraas0928,"Eidsvoll Trafikkskole AS",eidsvoll-trafikkskole.no/,"Flaenbakken 2, 2070 R친holt",Eidsvoll,Viken,60.2794262,11.1772437,"63 96 47 20",3.8,ChIJGRP-euSIQUYRLtZH6M76hBw
eiketraf8193,"Eiker Trafikkskole",eikertrafikkskole.no/,"Stasjonsgata 1, 3050 Mj칮ndalen",Drammen,Viken,59.750353,10.0093186,"32 23 00 22",,ChIJcUEE8jkhQUYRamPGYHAKKho
eltrasav2823,"Elevens Trafikkskole As /avd Grefsen",elevens.no/,"Grefsenveien 107B, 0492 Oslo","Oslo kommune",Oslo,59.95595,10.786407,"901 68 233",5,ChIJK0brY99xQUYRXkoeU3xYNfU
eltrasav4734,"Elevens Trafikkskole As /Avd Asker",elevens.no/,"Drammensveien 880, 1383 Asker",Asker,Viken,59.8297257,10.4154437,"901 68 233",3.7,ChIJl-sjn8YVQUYRospul1l_oCc
enertraf8495,"Enern trafikkskole",enern.no/,"Kransen 14, 1531 Moss",Moss,Viken,59.43334059999999,10.6592787,"973 30 223",3.8,ChIJL5ENDGFNQUYRVxQz-brFq8k
enttraos1886,"Enter Trafikkskole",entertrafikkskole.no/,"칒stre Aker vei 19, 0581 Oslo","Oslo kommune",Oslo,59.9277769,10.8063725,"938 65 706",,ChIJnZwb5AxvQUYRz_a1p8Xe4_4
ettraasn2754,"ET Trafikkskole AS",et-trafikkskole.no/,"칀senveien 1, 1400 Ski","Nordre Follo",Viken,59.718076,10.837131,"941 78 707",4,ChIJ_f_p9B1dQUYRn71yOGv92BM
ettravko3382,"ET Trafikkskole avd. Kolbotn",et-trafikkskole.no/,"T칮mteveien 6, 1410 Kolbotn","Nordre Follo",Viken,59.7941993,10.8048606,"941 78 707",,ChIJs6GLW5hpQUYRuw5DkXXD73k
fjotraas3938,"Fjord trafikkskole AS",fjordts.no/,"Roms친s Senter 1, 0970 Oslo","Oslo kommune",Oslo,59.9636459,10.8923173,"919 94 233",,ChIJY4MXP0Z7QUYRzROako4-eCA
flytraas7748,"Flyt Trafikkskole as",flyt-trafikkskole.no/,"Skjettenveien 14, 1466 Str칮mmen",Lillestr칮m,Viken,59.958783,11.016141,"406 44 064",4.3,ChIJ049NJ6B8QUYRlNR0zwZYLOQ
foeexpav2107,"F칮rerkort Experten avd. Str칮mmen",fkx.no/,"Str칮msveien 48, 2010 Str칮mmen",Lillestr칮m,Viken,59.94507919999999,11.0063065,"976 15 151",3.8,ChIJZSLKoEl7QUYRb-bbxj4I9rg
foexaven3660,"F칮rerkort Experten avd. Ensj칮",fkx.no/,"Hedmarksgata 15, 0658 Oslo","Oslo kommune",Oslo,59.91094649999999,10.7876996,"976 15 151",4.8,ChIJpTFJdlZuQUYRQzZZW6i2Atg
foexavgr7312,"F칮rerkort Experten avd. Gr칲nerl칮kka",fkx.no/,"Rathkes gate 1, 0558 Oslo","Oslo kommune",Oslo,59.9203442,10.7616992,"976 15 151",3,ChIJQ9FhmGduQUYR76zNuHPf5TM
foexavsm0098,"F칮rerkort Experten avd. Smestad",fkx.no/,"Hoffsveien 92, 0377 Oslo","Oslo kommune",Oslo,59.93700219999999,10.6835094,"976 15 151",5,ChIJHz9iRrxtQUYR-evKwH-L040
foktrabo4373,"Fokus Trafikkskole, Bogerud",fokustrafikkskole.no/,"Stallerudveien 111, 0693 Oslo","Oslo kommune",Oslo,59.87533189999999,10.8424616,"998 99 848",4.6,ChIJMfb_f1xvQUYRuwPwinnP038
fortraas1989,"Fornebu Trafikkskole AS",fornebutrafikkskole.com/,"Forneburingen 57, 1360 Fornebu",B칝rum,Viken,59.90066159999999,10.6219406,"912 19 121",4.6,ChIJRT6Fae1sQUYRhQ55pbtojoE
fotrtrav8020,"Follo Trafikkteam Trafikkskole Avd. Vestby",follotrafikkteam.no/,"St칮ttumveien 7, 1540 Vestby",Vestby,Viken,59.60479470000001,10.7479674,"930 80 778",5,ChIJI5nyoz1bQUYRb5KDdHN73KM
fotrtrop7344,"Follo Trafikkteam Trafikkskole Oppeg친rd",follotrafikkteam.no/,"S칝treskogveien 4, 1415 Oppeg친rd","Nordre Follo",Viken,59.7655802,10.8138938,"930 80 778",5,ChIJv6SGy4pnQUYR6qiuqd1LMNI
fratraas9887,"Fram Trafikkskole AS",framtrafikkskole.no/,"Kongeveien 47, 1412 Sofiemyr","Nordre Follo",Viken,59.7989714,10.8207349,"902 73 333",5,ChIJj243iiJpQUYRiQ47httQmEg
fretraas5637,"Fredrikstad trafikkskole AS",fredrikstadtrafikkskole.com/,"Fremskridt 8, 1605 Fredrikstad",Fredrikstad,Viken,59.2194174,10.9444064,"69 31 64 04",3.6,ChIJ5acfiR8DREYRQnlcsvjMNL8
frontraf5724,"Front Trafikkskole",fronttrafikkskole.no/,"Prinsens gate 6, 1530 Moss",Moss,Viken,59.4369029,10.6629113,"930 65 798",4.2,ChIJnbjyyoVSQUYRQLEB_RCn0qo
gastraas3955,"Gasolini trafikkskole AS",gasolinitrafikkskole.no/,"Fjellveien 63, 1410 Kolbotn","Nordre Follo",Viken,59.824749,10.8048171,"948 84 886",5,ChIJI1W07Y1oQUYRkFPCx14LV-8
gjstraav4331,"GJS Trafikkskole, avd Moss",gjs.no/,"Kongens gate 27, 1530 Moss",Moss,Viken,59.434635,10.668462,"69 24 93 93",3.1,ChIJLVXB2Z1SQUYRrP-Kd0QuSV8
gjstraav9541,"GJS Trafikkskole, avd Vestby",gjs.no/,"M칮lleveien 4 Vestbytorget, 1540 Vestby",Vestby,Viken,59.60119710000001,10.7461293,"64 95 80 80",2.5,ChIJcey1uLZaQUYRS4jW9a-P3j0
gokjpekr8771,"Gol Kj칮reskole Per Kristian Bakke",golkjoreskole.no/,"Eiklesvegen 27, 3550 Gol",Gol,Viken,60.69671549999999,8.9637069,"938 79 767",,ChIJq7UKyOD1P0YRUCc6I7ERMLY
hadetraf8788,"Hadeland trafikkskole",hadelandtrafikkskole.no/,"Garverivegen 4, 2740 Roa",Lunner,Viken,60.2941115,10.6118556,"976 66 660",,ChIJi3CGR5yjQUYRwi7_uc0LShg
haikjoos4500,"Haider Kj칮reskole",haiderkjoreskole.no/,"Hauketoveien 3, 1266 Oslo","Oslo kommune",Oslo,59.8459312,10.804553,"453 93 193",5,ChIJS-xVnsdoQUYRAm2dunEEyKs
haltraav0695,"Halvorsen Trafikkskole Avd Drammen",halvorsentrafikkskole-drammen.no/kontakt-oss/,"Pettersvollen, 3032 Konnerud",Drammen,Viken,59.7155516,10.1530481,"67 12 46 80",,ChIJi1s6Q5gkQUYRy8zil725obY
haltraav3521,"Halvorsen trafikkskole avd Sandvika",halvorsentrafikkskole-baerum.no/kontakt-oss/,"Hamangskogen 40, 1338 Sandvika",B칝rum,Viken,59.89382519999999,10.5124877,"67 12 46 80",3.2,ChIJ-ziftmUTQUYRu-TWQuqj5lc
halvtraf8736,"Halvors Trafikkskole",halvors.com/,"Sundgata 1, 2080 Sundet",Eidsvoll,Viken,60.32865830000001,11.257187,"907 21 188",4,ChIJAd6L3-aIQUYR0ZiTl2__rXA
hamtraas7689,"Hamang trafikkskole AS",hamangtrafikkskole.no/,"Navestadveien 20, 1738 Borgenhaugen",Sarpsborg,Viken,59.2628588,11.1271612,"69 12 21 10",4.6,ChIJ8VPdtosGREYROwn8a5FAgVI
haotjetr5796,"Hans Otto Jensen Traffic education AS",hansotto.no/,"Hulbakvegen 321a, 3560 Hemsedal","Hemsedal kommune",Viken,60.882243,8.486158,"908 95 353",,ChIJTybWUDDdP0YR7mGK8dy1TsU
hardrisc8866,"Haralds driver's school",haraldstrafikkskole.no/,"Kr친kstadveien 1, 1424 Ski","Nordre Follo",Viken,59.71413609999999,10.8377194,"64 87 06 70",4,ChIJL7BC2x1dQUYRtLWmrXIA0IU
hartraia0473,"Haralds Trafikkskole i 칀s",haraldstrafikkskole.no/,"R친dhusplassen 19, 1430 칀s",칀s,Viken,59.6647024,10.7909809,"481 34 565",4.2,ChIJB5oKQFtbQUYR4OYI3Km3EaU
hashtrao8206,"Hassan H trafikkskole",hassanhtrafikkskole.com/,"Ravnkollbakken 33, 0971 Oslo","Oslo kommune",Oslo,59.96502040000001,10.8916854,"405 49 328",,ChIJub6qsQpxQUYRr722PrR5CQQ
heggtraf7287,"Heggedal trafikkskole",heggedal-trafikkskole.no/,"Kloppedalen 6, 1389 Heggedal",Asker,Viken,59.78639769999999,10.4439708,"66 78 46 76",2,ChIJcdYGttI_QUYR5awsRhDqp60
hoensjaa5892,"H칮nsen Sj친f칮rskole",honsen.no/,"Vestvollveien 30, 2019 Skedsmokorset",Lillestr칮m,Viken,59.99316019999999,11.0317173,"64 83 62 62",4.6,ChIJGeHH5Jl7QUYRvmPKWH3uFkw
hogtraav5758,"Hognestad Trafikkskole Avd 칀s",hognestadtrafikkskole.no/,"Brekkeveien 5e, 1430 칀s",칀s,Viken,59.663461,10.793264,"940 05 269",5,ChIJs3Sqs1xbQUYR_pDlEuK33kI
holtraas0670,"Holms trafikkskole as",holmstrafikk.no/1482,"Hadelandsveien 673, 1482 Nittedal",Nittedal,Viken,60.0401918,10.8852598,"940 36 200",,ChIJp6zRK3JxQUYRQs63v-cSIjI
idritraf3703,"iDrive Trafikkskole",idrivetrafikkskole.no/nyheter,"Schwartz gate 42, 3044 Drammen",Drammen,Viken,59.7330015,10.2084847,"995 58 482",4.7,ChIJbQjNBLM8QUYR5zT98F_4YoU
ihatraas0122,"I.H칝hre's trafikkskole A / S",ihehrestrafikkskoleas.tabs.no/,"R친dyrveien 2, 3370 Vikersund",Modum,Viken,59.96774569999999,9.993592699999999,"958 18 958",4,ChIJAaj7an_iQEYRcC-VpKRS3Cs
inttraos5351,"Intensiv Trafikkskole",intensivtrafikkskole.no/,"Inga Bj칮rnsons vei 60, 0969 Oslo","Oslo kommune",Oslo,59.96846290000001,10.9290277,"457 76 677",,ChIJn5J365V6QUYRVftjHAVos-s
isatrain7779,"Isaksen Trafikkskole",isaksentrafikkskole.no/,"Smedgaten 30, 1850 Mysen","Indre 칒stfold",Viken,59.55324439999999,11.3324645,"970 76 843",,ChIJz2RHBvLvQ0YR7Dcyh-RhnK0
johtraas5929,"Johansen trafikkskole AS",johansen-trafikkskole.no/,"17. Mai Gata 4, 3611 Kongsberg",Kongsberg,Viken,59.6699035,9.649858799999999,"32 73 69 40",5,ChIJNfy0Cn_QQEYR0EhI-jdDdsY
keytraos7720,"Key Trafikkskole",keytrafikkskole.no/,"Karoline Kristiansens vei 3, 0661 Oslo","Oslo kommune",Oslo,59.9139013,10.7976214,"450 77 707",4.7,ChIJmb4GWFNuQUYRMRCy-lgjddg
knwadrsc2640,"Knut Wallem driving school",knutwallem.no/,"S칮rkedalsveien 106, 0378 Oslo","Oslo kommune",Oslo,59.941486,10.67145,"22 14 05 48",,ChIJtaGFC6JtQUYRs1nJyHj70SA
koltraas8752,"Kolbotn trafikkskole AS",kolbotn-trafikkskole.no/,"S칮nsterudveien 32, 1412 Sofiemyr","Nordre Follo",Viken,59.8018362,10.81835,"481 58 942",2.7,ChIJVwA63XloQUYRNZEp-s1yAjI
komtraas6102,"Komet Trafikkskole AS",komet-trafikkskole.no/,"Stillverksveien 16, 2004 Lillestr칮m",Lillestr칮m,Viken,59.95294430000001,11.0487573,"913 70 483",5,ChIJe61ZdVTfQ0YRLDeaHuz7X54
konntraf4640,"Konnerud Trafikkskole",konnerudtrafikkskole.no/,"Pettersvollen 7, 3032 Drammen",Drammen,Viken,59.71681109999999,10.1501777,"948 84 859",4.2,ChIJl2vfvpskQUYRtDuZhUEmv6w
kontraas2469,"Kongsberg trafikkskole AS",kongsbergtrafikkskole.no/,"Skolegata 17, 3611 Kongsberg",Kongsberg,Viken,59.6713761,9.6492604,"32 73 55 90",4,ChIJ677DWn_QQEYRARqfPsyR9k0
kontraav4202,"Konnerud Trafikkskole avdeling B칝rum",baerum.konnerudtrafikkskole.no/,"V칮yenengtunet 7, 1339 V칮yenenga",B칝rum,Viken,59.9079505,10.4766845,"416 98 989",4.3,ChIJ1xRRKpgTQUYRp3Fr7kCUahw
krtraosl9698,"K칬r Trafikkskole",koer.no/,"Quality Hotel 33, 칒stre Aker vei 33, 0581 Oslo","Oslo kommune",Oslo,59.9285872,10.8178289,,5,ChIJjyTuNQdvQUYR-Mk51fqHEjI
labimctr7566,"L칝rer'n Bil & MC trafikkskole",larerntrafikkskole.no/,"Jerikoveien 1, 1067 Oslo","Oslo kommune",Oslo,59.93277149999999,10.8813664,"22 32 38 00",4.1,ChIJ02y4MfZvQUYR8WZYvap2yXY
laertraf7265,"L칝rer'N Trafikkskole",larern.no/,"Voldgata 45A, 2000 Lillestr칮m",Lillestr칮m,Viken,59.958076,11.037128,"63 80 99 22",4.3,ChIJA7qA6kh7QUYRzywH55q6O6o
laptraas8630,"Lappen trafikkskole AS",lappen-trafikkskole.no/,"Cecilie Thoresens vei 5c, 1153 Oslo","Oslo kommune",Oslo,59.8778569,10.8085003,"917 78 948",5,ChIJgbzRYTxvQUYRsfdwNGXcrDY
le2draso9565,"Learn 2 Drive AS",learn2drive.no/,"칀kebergveien 30, 0650 Oslo","Oslo kommune",Oslo,59.91039869999999,10.7743216,"915 43 259",5,ChIJ6Z_3e1huQUYRuCXvRcN0KJQ
leaavdaa8043,"LEARN avd. 칀ssiden AS",learn-aassiden.trafikkskoleportalen.no/,"Ingeni칮r Rybergs gate 114, 3027 Drammen",Drammen,Viken,59.7553905,10.12484,"940 04 900",4.4,ChIJ86IQcqEjQUYRiXIVv19uXMA
lealieog3870,"LEARN Lier og Drammen",learnld.trafikkskoleportalen.no/,"Lierstranda 111, 3400 Lier",Lier,Viken,59.751017,10.252523,"940 04 900",4.7,ChIJgVy3n9RsQUYRybJD_LesvwA
leaoslos2283,"LEARN Oslo",learn.no/,"Haavard Martinsens vei 30, 0978 Oslo","Oslo kommune",Oslo,59.9596888,10.906708,"940 04 900",5,ChIJQ0cSODRuQUYRnQe0Tb08oUc
learbekk5038,"LEARN Bekkestua",learn.no/,"B칝rumsveien 205, 207, 1357 Bekkestua",B칝rum,Viken,59.9168337,10.5865382,"940 04 900",4.6,ChIJ8fATn9RsQUYRz4Ol13Oewqc
learroey6384,"LEARN R칮yken",learnld.trafikkskoleportalen.no/,"Jon Leiras vei 1, 3440 R칮yken",Asker,Viken,59.7395405,10.4099175,"940 04 900",,ChIJZVGd4OQ-QUYRZ7BU3UbEytU
lechtraf2624,"Lech-Hanssen's Trafikkskole",lech-hanssen.no/,"Elias Smiths vei 25, 1337 Sandvika",B칝rum,Viken,59.89178039999999,10.5160929,"67 54 00 18",4.6,ChIJWaVPIGQTQUYR-l0Ir67TmP4
lectraos1937,"Lech-Hanssens Trafikkskole",lech-hanssen.no/,"Uranienborgveien 25, 0355 Oslo","Oslo kommune",Oslo,59.92279279999999,10.7212662,"22 69 58 29",3.8,ChIJIx1d49ZtQUYRGKy2OLoZsIw
ledrtras9518,"Lets Drive Trafikkskole AS",letsdrive.no/,"Holmlia Senter vei 1B, 1255 Oslo","Oslo kommune",Oslo,59.83528099999999,10.7962089,"406 05 080",5,ChIJ30GIUupoQUYRs0V29PQTaSQ
liautras7709,"Lippert Aut. Trafikkskole AS avd. Harestua",lippert.no/,"Furuveien 2, 2743 Harestua",Lunner,Viken,60.20283360000001,10.7151747,"61 32 30 50",5,ChIJMca1FXqfQUYRiJ0Atu7X9zI
lintrasc7948,"Linderud traffic schools",linderudtrafikkskole.no/,"Linderudveien 2, 0594 Oslo","Oslo kommune",Oslo,59.94122869999999,10.8392326,"23 37 22 22",3,ChIJeXrcWNtvQUYR4ImUJuvBvz0
liptraas4333,"Lippert Trafikkskole AS",lippert.no/,"Mattias Skytters vei 2, 1482 Nittedal",Nittedal,Viken,60.04671980000001,10.881639,,,ChIJJ0v20jN3QUYRZCq27m39IQM
loetraas4799,"L칮renskog trafikkskole AS",lorenskogtrafikkskole.no/,"Rastastubben 3, 1476 Rasta",L칮renskog,Viken,59.9234533,10.9368958,"454 17 671",,ChIJY70AsDN7QUYRHfFqf0g7s_0
majtraas8593,"Majorstuen Trafikkskole AS",majorstuen-trafikkskole.no/,"Majorstuveien 31C, 0367 Oslo","Oslo kommune",Oslo,59.9271258,10.7163306,"400 55 070",4.3,ChIJLw-Xb9ptQUYRsIHV0Rz_7bw
makjmaoe1254,"Martins Kj칮reskole Martin 칒yvind Arntzen",martinskjoreskole.no/,"Vestveien 51, 1450 Nesoddtangen",Nesodden,Viken,59.8559266,10.660833,"66 91 26 00",5,ChIJ0xUAs-xrQUYRdzwydwVAmZk
maritraf3899,"Marianne trafikkskole",mariannetrafikkskole.no/,"Str칮ket 9, 1383 Asker",Asker,Viken,59.83574350000001,10.4338053,"66 78 78 78",5,ChIJS4Cx4LYVQUYRrUGlCJM2vXQ
marttraf7959,"Martinsen Trafikkskole",martinsentrafikkskole.no/,"Fremskridt 4, 1605 Fredrikstad",Fredrikstad,Viken,59.21960230000001,10.9435868,"69 31 10 34",3.4,ChIJJZDd6CADREYRO3ncshbdlE0
metrasde7529,"Metro Trafikkskole AS dept L칮renskog",metrotrafikkskole.no/,"Bibliotekgata 30, 1473 L칮renskog",L칮renskog,Viken,59.9276,10.9606355,"67 97 57 01",4,ChIJ4ddcSdhkQUYRDrPl4nTBzBc
metrasde8682,"Metro Trafikkskole AS dept Grefsen",metrotrafikkskole.no/,"Lettvintveien 39, 0487 Oslo","Oslo kommune",Oslo,59.9458132,10.7854732,"67 97 57 01",4,ChIJ3RCsmSRuQUYRl0nW0Ki1T8A
metravgr8661,"Metro Trafikkskole avd. Grorud",metrotrafikkskole.no/,"Grorud Senter, Bergensveien 2, 0953 Oslo","Oslo kommune",Oslo,59.960187,10.882042,"908 84 032",4.7,ChIJtT6dVhxwQUYRpfDWpXRJ3q4
modtraas1359,"Modum Trafikkskole AS",modumtrafikkskole.no/,"Lille친sgata 2, 3340 칀mot",Modum,Viken,59.8926629,9.926029899999998,"32 78 11 13",5,ChIJK957y7fhQEYRb57Rtn8rl60
mortraas4883,"Morgendagens trafikkskole A/S",morgendagenstrafikkskole.no/,"Kongsskogen 7, 1385 Asker",Asker,Viken,59.8204369,10.3830857,"419 04 086",5,ChIJS8i-ffQVQUYRtzqUvzQfUhg
motrasav0982,"M칮rk Trafikkskole AS avd. Moss",mt.no/,"Kong Haakons Plass 2, 1532 Moss",Moss,Viken,59.4343799,10.6653758,"953 04 375",3.8,ChIJqR5EAZ5SQUYRR56ZUa7OUJI
motrasav2893,"M칮rk Trafikkskole AS avd. Fredrikstad",mt.no/hjem-fredrikstad/,"Fremskridt 10, 1605 Fredrikstad",Fredrikstad,Viken,59.21886699999999,10.944823,"468 43 892",5,ChIJ4UaeKSADREYRwiofAez88GY
motrasav3028,"M칮rk Trafikkskole AS avd. Sarpsborg",mt.no/hjem-sarpsborg/,"St. Marie gate 131, 1725 Sarpsborg",Sarpsborg,Viken,59.284041,11.1073423,"957 99 740",5,ChIJc89SxIUGREYRaw3ckxnJKPE
mrtratra7389,"Mr. Traffiq Trafikkskole",mr-traffiq.no/,"Eikveien 26, 1718 Gre친ker",Sarpsborg,Viken,59.26886210000001,11.0311017,"69 14 40 00",4.2,ChIJrYK6AfcDREYR8fUlIshsKVE
nbtraasa3922,"NB Trafikkskole AS 칀rnes",nbtrafikkskole.no/,"Jernbanegata 7A, 2150 칀rnes",Nes,Viken,60.1232903,11.4658985,"909 16 302",,ChIJ59yg1_IsQkYRfR80P2Z6zgI
nbtrafau2672,"NB Trafikkskole",nbtrafikkskole.no/,"Serviceveien 8, 1940 Bj칮rkelangen",Aurskog-H칮land,Viken,59.890527,11.5599912,"481 99 648",4.9,ChIJUQ6YOorFQ0YRsgcRDF_cFt4
nesotraf9457,"Nesodden Trafikkskole",nesoddentrafikkskole.no/,"Vestveien 51, 1450 Nesoddtangen",Nesodden,Viken,59.855893,10.660916,"66 91 22 60",,ChIJ0xUAs-xrQUYRrhgCTF-i_kA
nexttraf8945,"Next Trafikkoppl칝ring",nexttrafikk.no/,"Sentrumsvegen 101, 3550 Gol",Gol,Viken,60.70224239999999,8.939406,"924 37 433",5,ChIJtxd9XYf0P0YRjEw-749p_Pw
nootrada2226,"Noor trafikkskole DA",noortrafikkskole.no/,"Hauketoveien 3, 1266 Oslo","Oslo kommune",Oslo,59.8459877,10.8044475,"998 82 323",4.4,ChIJT7O4vMdoQUYRvgxgBF8bp0k
nortraas9952,"Nordstrand Trafikkskole AS",nordstrandtrafikkskole.no/,"Ekebergveien 228C, 1162 Oslo","Oslo kommune",Oslo,59.8613533,10.800952,"900 54 946",2,ChIJvSCHLTNvQUYREuIa__3z2QY
nortrase2492,"Norges Trafikkskole senter",nts-trafikkskole.no/,"Griniveien 10, 0756 Oslo","Oslo kommune",Oslo,59.94770499999999,10.642111,"484 88 401",4.8,ChIJxbkRmm1tQUYRaGnjgFS10tk
nybtrano7841,"Nybo Trafikkskole",trafikkskolene.no/nyboe-trafikkskole/,"Sanderveien 2, 1400 Ski","Nordre Follo",Viken,59.7175633,10.8394665,"64 86 95 37",,ChIJBYgjk8xcQUYRlmajhfrc9Gk
nydtraos5025,"Nydalen trafikkskole",nydalenkjoereskole.no/,"Maridalsveien 264, 0872 Oslo","Oslo kommune",Oslo,59.9473308,10.7597549,"417 65 205",4.6,ChIJqRaHWWtuQUYRrG4OWUj2_HQ
nyegrotr9825,"Nye Gr칮nland Trafikkskole",dennyetrafikkskole.no/,"Olafiagangen 5, 0188 Oslo","Oslo kommune",Oslo,59.9129136,10.7592748,"994 91 096",,ChIJcU8wbGBuQUYRzVBdk96ER8w
oddjentr0093,"Odd Jensen Trafikkskole AS",oddjensen.no/,"Konnerudgata 10, 3045 Drammen",Drammen,Viken,59.73917669999999,10.197369,"32 83 00 10",5,ChIJhVQIlkwjQUYR_ggAcrjZLUY
oedrscas3119,"칒kern Driving schools AS",okerntrafikkskoler.no/,"칒stre Aker vei 19, 0581 Oslo","Oslo kommune",Oslo,59.9278771,10.8064766,"995 99 899",3.8,ChIJ__gqO7VvQUYRMao9slV2Y7E
oesttraf8543,"칒stfold Trafikkskole",ostfoldtrafikkskole.no/,"Storgata 2, 1890 Rakkestad",Rakkestad,Viken,59.4276631,11.3400918,"69 22 22 53",4,ChIJN-xzjtn2Q0YRw8XhEinz4Tg
oetrasav9608,"칒stfold Trafikkskole As avd Halden",facebook.com/OstfoldTrafikkskole/,"Torgny Segerstedts Gate 18, 1772 Halden",Halden,Viken,59.1241073,11.3929801,"917 72 010",4.5,ChIJRRchbNsSREYRDa0dkv8C88k
oevekomp3056,"칒verg친rd's Kompetanse",trafikkompetanse.no/index.html,"Bj칮rnstadgrenda 60, 1712 Sarpsborg",Sarpsborg,Viken,59.3039742,11.0497516,,5,ChIJ7ccHZjUBREYRuWKgy1ztNNk
oevromtr7143,"칒vre Romerike Trafikkskole AS",ovre-romerike-trafikkskole.no/,"Kongsvingervegen 6, 2040 Kl칮fta",Ullensaker,Viken,60.07658300000001,11.14258,"930 47 308",5,ChIJj0wJthl_QUYRoGHiQHzJ9tQ
omatraos4317,"OMA TRAFIKKSKOLE",omatrafikk.no/,"T칮yengata 45, 0578 Oslo","Oslo kommune",Oslo,59.91556519999999,10.771057,"405 38 644",5,ChIJkxDjrF5uQUYR540GDd5A3so
onstraas5008,"Onsoy trafikkskole AS",onsoytrafikkskole.no/,"St. Hans gate 2, 1607 Fredrikstad",Fredrikstad,Viken,59.2141365,10.9339705,"929 89 998",4.9,ChIJTz6bzrgCREYRkPINWHHFBE4
opptrano8906,"Oppeg친rd Trafikkskole",oppegaardtrafikk.no/,"Fl친testadveien 3, 1415 Oppeg친rd","Nordre Follo",Viken,59.7739883,10.8032287,"412 09 969",5,ChIJZzheHQRoQUYRVZegGlTqrCo
oslbaetu8831,"Oslo B칝rum Tungbilskole As",tungbilskole.no/,"Industriveien 33, 1337 Sandvika",B칝rum,Viken,59.8917975,10.5101401,"907 47 800",5,ChIJVVUVlGQTQUYROf8RoLhpnTM
oslsydtr0730,"Oslo Syd Trafikkskole",oslosyd.no/,"Hauketoveien 8, 1266 Oslo","Oslo kommune",Oslo,59.8472343,10.8046408,"22 61 50 70",5,ChIJ8zmHUupoQUYR9jPD_6IFa0U
ostetras9972,"Oslo Team Trafikkskole AS",osloteamtrafikkskole.no/,"Odins gate 11, 0266 Oslo","Oslo kommune",Oslo,59.9193694,10.7068706,"22 44 54 10",4.6,ChIJB5vLic1tQUYRQohwgpk79Ts
oswetrsc0834,"Oslo West Traffic School",oslovesttrafikkskole.no/?page_id=666,"Luftfartsveien 18, 0770 Oslo","Oslo kommune",Oslo,59.9472926,10.6609725,"480 30 555",5,ChIJtb1E7HVtQUYR5m8UDIVp1YY
overtraf8880,"overn Trafikkskole",overntrafikkskole.no/,"Kirkeveien 1, 1480 Slattum",Nittedal,Viken,60.00944659999999,10.9188264,"906 63 401",4,ChIJ1WsmgaFwQUYRhIvaVdjp8cQ
perstraf5620,"Per's Trafikkskole",pers-tr.no/,"Brogata 17, 1608 Fredrikstad",Fredrikstad,Viken,59.21526399999999,10.932675,"69 31 50 00",4.8,ChIJeR0Px94CREYRsgK1lJVzHkU
polpostr7868,"Pole Position Trafikkskole AS",pptrafikkskole.no/,"R친dhusveien 21, 1739 Borgenhaugen",Sarpsborg,Viken,59.2676221,11.1699304,"69 10 97 00",4.3,ChIJoTJfMv0FREYROzqkzxjB3gU
protrada8425,"Proff trafikkskole DA",profftrafikkskole.no/,"Enebakkveien 275, 1187 Oslo","Oslo kommune",Oslo,59.8785829,10.826876,"21 44 51 77",,ChIJWxyrGkFvQUYRFe4jPt-qCsA
pstraasl5232,"PS Trafikkskole AS",pstrafikkskole.no/,"S칮ster Mathildes gate 14A, 1461 L칮renskog",L칮renskog,Viken,59.91925380000001,10.9477127,"412 32 574",,ChIJa3IAEEFvQUYRNr1QylfiXMM
reatraos7296,"Ready Trafikkskole",readytrafikkskole.no/,"Grenseveien 107, 0663 Oslo","Oslo kommune",Oslo,59.92738310000001,10.8766796,"468 14 940",5,ChIJ3VvuBfVvQUYRSco4qftg_28
ribtraas1922,"Riber Trafikkskole As",ribertrafikkskole.no/,"Odins gate 11, 0266 Oslo","Oslo kommune",Oslo,59.91942090000001,10.7069721,"909 53 646",5,ChIJuW8ndtJtQUYR-dKK5C_W-lQ
ringtraf0333,"Ringerike Trafikkskole",ringeriketrafikkskole.no/,"Kirkegata 9, 3510 H칮nefoss",Ringerike,Viken,60.16619499999999,10.2583763,"991 20 755",3.7,ChIJL_9zlkAHQUYRK6Vw3MIvnew
rismctra3012,"Riseberg MC & Trafikkskole",risebergmc.no/,"Gurudveien 21, 1832 Askim","Indre 칒stfold",Viken,59.58186440000001,11.1439128,"69 88 67 00",2.9,ChIJK5RrjmzjQ0YRuRbljt1e0MA
robuantr2928,"Romerike bus and Trailer School AS",rbt.as/,"Ullensaker n칝ringspark, Dyrskueveien 18, 2040 Kl칮fta",Ullensaker,Viken,60.08217670000001,11.1405472,"63 94 35 80",4.5,ChIJ3TnGGxZ_QUYRCjJxNr0wQj0
roeoghur7006,"R칮yken og Hurum Trafikkskole",rh-trafikkskole.no/,"Nordre S칝trevei 46, 3475 S칝tre",Asker,Viken,59.6851962,10.5210147,"32 79 14 00",5,ChIJa200_DlHQUYReic7BZAQPmE
rometraf6873,"Romerike Trafikkskole",romeriketrafikkskole.no/,"Frognervegen 2, 2016 Frogner",Lillestr칮m,Viken,60.02464130000001,11.1038231,"63 82 55 55",4.2,ChIJ73M8QFR5QUYRP8Gw590RJxk
samtraas4633,"Sams trafikkskole AS",samstrafikkskole.com/kontakt,"Haugerudhagan 42D, 0673 Oslo","Oslo kommune",Oslo,59.92357239999999,10.8512548,"917 19 996",,ChIJ713lhJNvQUYRAYif8v7LFgg
sandrisc2168,"sand driving school",sandtrafikkskole.no/,"Hellefossveien 2, 3300 Hokksund","칒vre Eiker",Viken,59.77311479999999,9.908422900000001,"32 75 10 55",2.9,ChIJbXcNSGHfQEYRrnZjehouY2Y
santraas0034,"Sana Trafikkskole AS",sanastrafikkskole.no/,"Helga Vaneks Vei 3, 1281 Oslo","Oslo kommune",Oslo,59.8493812,10.8304747,"910 00 027",3.4,ChIJqaqqaqVoQUYR68fq_14ARFA
santraas0289,"Sans Trafikkskole AS",sanstrafikkskole.no/,"Storgata 1, 1440 Dr칮bak",Frogn,Viken,59.66274820000001,10.6292778,"24 17 90 00",5,ChIJ7bK3q5hFQUYRabBjuyaZ2eY
sarptraf1091,"Sarpsborg trafikkskole",sarpsborgtrafikkskole.no/,"Roald Amundsens gate 48, 1723 Sarpsborg",Sarpsborg,Viken,59.2821531,11.1057466,"69 15 43 00",5,ChIJoU3jCIcGREYRZTaEd2LMcIQ
siktraos9810,"Sikker Trafikkskole",sikkertrafikkskole.no/,"Herslebs gate 14, 0561 Oslo","Oslo kommune",Oslo,59.9184236,10.7636413,"941 01 006",4.4,ChIJoUCvNXpvQUYR5E7J_cIf28s
skedtraf4525,"Skedsmo Trafikkskole",skedsmotrafikkskole.no/index.php/kontakt-oss,"Furuholtet 10, 2020 Skedsmokorset",Lillestr칮m,Viken,60.00065660000001,11.0411335,"63 87 26 55",5,ChIJD7ZlS5J7QUYRTP8t3oH0uXU
skidrisc9718,"ski driving school",skitrafikkskole.no/,"Oppeg친rdveien 2B, 1423 Ski","Nordre Follo",Viken,59.72079900000001,10.829023,"64 87 37 10",5,ChIJmzfRf-JcQUYRKbXlzk87O6E
smadritr1738,"Smart Driver training",smarttrafikk.no/,"Vestre Brugate 12, 3300 Hokksund","칒vre Eiker",Viken,59.77248469999999,9.9076414,"936 34 444",4.8,ChIJtVW4M2HfQEYRGykYLv7fzng
smatraos8858,"Smart Trafikkskole",smarttrafikkskole.no/,"Trondheimsveien 405, 0953 Oslo","Oslo kommune",Oslo,59.9541623,10.8683896,"988 41 809",4.7,ChIJm3ukiRxwQUYRz9LeX1Kdgdo
soertraf6196,"S칮rumsand trafikkskole",sorumsand-trafikkskole.no/,"Skolevegen 2, 1920 S칮rumsand",Lillestr칮m,Viken,59.98457079999999,11.2379097,"932 11 906",5,ChIJS37JWBXWQ0YRZu1qvGfUxCI
soetrain7533,"S칮rby trafikkskole",sorby.no/,"Smedgaten 4, 1850 Mysen","Indre 칒stfold",Viken,59.5552813,11.3266028,"69 89 25 45",3,ChIJa-bAlvPvQ0YRnCo9IEhLylg
somotras8863,"Soria Moria Trafikkskole as",soriaskole.no/,"Vogts gate 64, 0477 Oslo","Oslo kommune",Oslo,59.93614339999999,10.7657017,"22 22 19 16",5,ChIJPbES4xRuQUYRJ-WONvoz8NY
sotrscas7201,"S칮rby Traffic School AS",sorby.no,"Sira Sigurds gate 30, 1809 Askim","Indre 칒stfold",칒stfold,59.5817113,11.170663,"69 88 36 33",3,ChIJb2zXC2PjQ0YRJ4RUtDXEU9I
stangrau0414,"Stovner and Groruddalen Aut. driving school",kjoreskole.com/,"Stovner Senter 7, 0985 Oslo","Oslo kommune",Oslo,59.9611408,10.9252411,"22 10 88 49",4.1,ChIJ-aymTLl6QUYRqTypifWXRvA
steptraf4752,"Step Trafikkskole",steptrafikkskole.no/,"Spikkestadveien 118, 3430 Spikkestad",Asker,Viken,59.74318100000001,10.3415082,"932 14 270",,ChIJ0T6uyCU8QUYRDyZsLzRoTm0
stetraas5764,"STEP trafikkskole AS Drammen",aassidentrafikk.no/,"Hotvetveien Vest 49, 3023 Drammen",Drammen,Viken,59.75183719999999,10.1607808,"32 82 19 33",4.5,ChIJ16-XihQjQUYRSYG4bWuAkUE
stetradr2781,"Step trafikkskole Drammen",steptrafikkskole.no/,"Hotvetveien Vest 49, 3023 Drammen",Drammen,Viken,59.75185680000002,10.1608009,"932 14 270",,ChIJV1M9eZIjQUYRkQ488Dv3rfA
stolatra1211,"St. Olav Trafikkskole AS",stolavtrafikkskole.tabs.no/,"Glengsgata 21, 1706 Sarpsborg",Sarpsborg,Viken,59.2844752,11.1136511,"69 18 08 58",3,ChIJk07ktIcGREYRjaN_DAwepk4
stoltrav8422,"St. Olav trafikkskole avd. Porsnes",porsnes.no/,"Osbekkgata 2, 1776 Halden",Halden,Viken,59.12361729999999,11.3902662,"69 18 08 58",4.3,ChIJUxDqv8QSREYRJQVgIN9bHC4
stotraan9157,"Storo trafikkskole ANS",storotrafikkskole.no/,"Grefsenveien 34, 0485 Oslo","Oslo kommune",Oslo,59.94400509999999,10.7750388,"22 22 50 10",5,ChIJN0yFWz1uQUYRD6UtQ6ogKjg
stotraas0703,"St칮yten Trafikkskolesenter AS",stoyten-trafikkskole.no/,"Bloms gate 5, 3510 H칮nefoss",Ringerike,Viken,60.1631943,10.2553317,"32 12 32 08",4.8,ChIJtyp7sUAHQUYRYHevEtBkL1M
strtraas0794,"Strand trafikkskole AS",strandtrafikkskole.no/,"Storgata 21, 3611 Kongsberg",Kongsberg,Viken,59.66999859999999,9.6508676,"414 08 954",5,ChIJ2Z5P7-LRQEYRLFyZWgsTsK0
strykene9339,Strykprosent,strykprosent.no/,"Andersrudveien 1, 1914 Ytre Enebakk",Enebakk,Viken,59.77254679999999,10.9871538,"21 50 13 57",,ChIJZftZmmRhQUYRuOEo9mhk0NE
svesvesl9858,"Svein Svendsen Slemdal",oslo.sveinsvendsen.no/,"Slemdalsveien 131, 0777 Oslo","Oslo kommune",Oslo,59.95010849999999,10.6957422,"22 38 14 93",4,ChIJWUmNZ5JtQUYRNvtzIW2t0F8
svesvetr4299,"Svein Svendsen Trafikkskole",svein-svendsen.no/,"Elias Smiths vei 31, 1337 Sandvika",B칝rum,Viken,59.89175329999999,10.5150227,"67 52 05 06",3.8,ChIJWQBBPWQTQUYRgw83Rcn89MM
svintraf7621,"Sving Trafikkskole",svingtrafikkskole.no/,"Str칮msveien 102B, 2010 Str칮mmen",Lillestr칮m,Viken,59.953487,11.0131983,"403 07 764",4.5,ChIJY4MXP0Z7QUYRmvpCwYmMxr4
svsvtrho9722,"Svein Svendsen trafikkskole H칮nefoss AS",sveinsvendsentrafikkskole.no/,"Kongens Gate 13, 3510 H칮nefoss",Ringerike,Viken,60.164796,10.2584129,"32 12 90 00",5,ChIJhwoFHkEHQUYRLujzEKv2ehs
svsvtros6825,"Svein Svendsen Trafikkskole Oslo",oslo.sveinsvendsen.no/,"Trondheimsveien 102, 0565 Oslo","Oslo kommune",Oslo,59.92556,10.7754297,"22 38 14 93",3.1,ChIJeSlvwp9vQUYR8ZDElqd0tY4
tatrasav7001,"Tangen trafikkskole AS avd Mysen",tangentrafikkskole.no/,"Bakkeliveien 1, 1850 Mysen","Indre 칒stfold",Viken,59.5558476,11.3288433,"69 89 38 00",4.4,ChIJVzkbqfPvQ0YRKf2eI213n2A
teaanttr7996,"Team Antonsen Trafikkskole",teamhvaler.no/,"Blomsterberget 3, 1607 Fredrikstad",Fredrikstad,Viken,59.2159562,10.940964,"911 32 774",4.5,ChIJa6UUo2ceREYRULLjhV5bndc
teatraas0802,"Team trafikkskole AS",team-trafikkskole.no/,"Haugomgata 22, 1811 Askim","Indre 칒stfold",Askim,59.581425,11.167905,"69 88 60 85",4,ChIJr6JBf2TjQ0YRHpD9JchYg7c
temtraas7883,"Tempo trafikkskole AS",tempotrafikkskole.no/,"Sofienberggata 59, 0563 Oslo","Oslo kommune",Oslo,59.9207228,10.7757836,"22 19 81 40",3.7,ChIJ033-RVtuQUYR1tbPiic82dQ
tetrasav7761,"Tempo trafikkskole AS. Avd. Kjeller",tempotrafikkskole.no/,"Trondheimsveien 48, 2007 Kjeller",Lillestr칮m,Viken,59.9824121,11.015778,"22 19 81 40",,ChIJ26NIIuN7QUYRQ1l2vVbcoPE
thitrano2701,"Think Trafikk",thinktrafikk.no/,"Kolbotnveien 5, 1410 Kolbotn","Nordre Follo",Viken,59.8102098,10.8036311,"66 80 84 84",5,ChIJudH9umNoQUYR61fF4jGgeoI
thnedrsc1870,"The new driving school",dennyetrafikkskole.no/,"Herslebs gate 14B, 0561 Oslo","Oslo kommune",Oslo,59.918452,10.763876,"941 01 006",3,ChIJq_k7jF1uQUYR8PzF4VRdqdY
tolltraf8796,"Tollan Trafikkskole",tollanstrafikkskole.no/,"Cappelens gate 15, 3015 Drammen",Drammen,Viken,59.7457215,10.2083276,"913 28 556",5,ChIJqduBeco8QUYR-_KeKSp-T94
tonetraf6212,"Tones Trafikkskole",tonestrafikkskole.no/,"Kongens Gate, 3510 H칮nefoss",Ringerike,Viken,60.1649937,10.25842,"907 95 227",5,ChIJhwoFHkEHQUYR4Ts3SaudgkE
toptraos1517,"ToppGir trafikkskole",toppgirtrafikkskole.no/student-info/,"Nedre Kalbakkvei 4, 0950 Oslo","Oslo kommune",Oslo,59.9509815,10.867318,"930 70 786",3.5,ChIJl-6UCR1wQUYR2NKhrPcTIVc
tra4usha7563,"Trafikkskolen 4U Shakoor Khan",trafikkskolen4u.no/,"Fekjan 7C, 1394 Nesbru",Asker,Viken,59.8639808,10.4888743,"66 85 98 98",5,ChIJ0fcBxYwUQUYRZggrDoVp_wk
trabraas2275,"Trafikkskolen Brandenberger AS",brandenberger.no/,"Kongens Gate 13, 3510 H칮nefoss",Ringerike,Viken,60.165045,10.2581039,"32 12 22 22",5,ChIJhwoFHkEHQUYRu_i_IZAKrrI
tracenho9004,"Traffic center H칮nefoss / Hadeland",trafikksenteret.com/,"Stangs gate 7, 3510 H칮nefoss",Ringerike,Viken,60.164047,10.2554595,"481 32 306",,ChIJoTsDvUAHQUYR1pOFJ1qIGTs
tradaosl3415,"trafikkskole DA",miretrafikkskole.no/,"Hauketoveien 3, 1266 Oslo","Oslo kommune",Oslo,59.8459877,10.8044475,,,ChIJuzSSNGZpQUYRLblr3p75nAU
tradrifj1833,"Trafikkskolen Driver Fjellhamar",driver.no/,"L칮rdagsrudveien 24, 1472 Fjellhamar",L칮renskog,Viken,59.9371886,10.9907489,"64 80 80 09",5,ChIJvaesastkQUYRCAvrPG-ua_0
tragulas6789,"Trafikkskolen Gullik AS",facebook.com/Trafikkskolengullik/,"Voldgata 45A, 2000 Lillestr칮m",Lillestr칮m,Viken,59.9580844,11.0371516,"406 07 000",3,ChIJkWynD317QUYRfcFovP-bQUc
traschdr1015,"Traffic School Driver AS",driver.no/,"Nordens vei 15, 2013 Skjetten",Lillestr칮m,Viken,59.96712600000001,10.9991365,"64 80 80 09",4.8,ChIJVZJVyhZ7QUYRdiukgOyshC0
tratraos5255,"Trafikanten Trafikkskole",trafikanten-trafikkskole.business.site/,"Ekebergveien 228C, 1162 Oslo","Oslo kommune",Oslo,59.8613307,10.8009553,"973 03 060",5,ChIJ5chA-29vQUYRnx3YRA94FhQ
trosastr6208,"Trafikkskolen Oslo AS - Trafikkskole i Oslo游뚱",trafikkskolenoslo.no/,"Slettel칮kka 40 C, 0597 Oslo","Oslo kommune",Oslo,59.949354,10.85138,"905 32 947",5,ChIJ28ZNlNxvQUYRRV-LGfoei9c
trygtraf5285,"Trygg trafikkskole",tryggtrafikkskole.no/,"Nordsnoveien 15, 2007 Kjeller",Lillestr칮m,Viken,59.9709199,11.0484935,"406 11 011",2,ChIJq84IrplvQUYR2EJwzW2zHxM
tungasdr5285,"Tungbilskolen AS",tungbilskolen.no/,"Nedre Eikervei 14, 3045 Drammen",Drammen,Viken,59.74510100000001,10.1781539,"32 82 43 40",5,ChIJO_NfA0cjQUYRh01xQ5ATJg8
tutkjotr5606,"Tut & Kj칮r Trafikkskole AS",mcskolen.no/,"Henrik Bulls veg 48, 2069 Jessheim",Ullensaker,Viken,60.14504699999999,11.184338,"415 01 556",4.8,ChIJj8HeurqBQUYRaRAlmbUcT1g
ulltraos8676,"Ullev친l trafikkskole",ullev친ltrafikkskole.no/,"M칮llesvingen 2, 0854 Oslo","Oslo kommune",Oslo,59.94596749999999,10.7329906,"954 90 035",5,ChIJATDN_eJtQUYRcLXJxMqWijc
veivtraf9136,"Vei-Viser`n Trafikkskole",vei-visern.no/,"Parkalleen 13, 2000 Lillestr칮m",Lillestr칮m,Viken,59.9583985,11.0461049,"63 80 08 08",3.5,ChIJjbZxAaB8QUYRVyj7m9jYexs
vesbaetr0190,"Vestre B칝rum trafikkskole",vbtrafikkskole.no/,"Brynsveien 96, 1352 Kols친s",B칝rum,Viken,59.90803,10.5108884,"911 08 216",5,ChIJA8WQzHITQUYRq_bgjxtwo9k
viptrafs8002,"VIP Trafikkskole",viptrafikkskole.no/,"St. Marie gate 73, 1706 Sarpsborg",Sarpsborg,Viken,59.2816011,11.117167,"69 16 84 00",4.5,ChIJY6gYi30GREYRP22Lor2uPFU
waytraas6703,"Way2ride Trafikkskole AS",way2ride.no/,"Drengsrudhagen 6, 1385 Asker",Asker,Viken,59.82481569999999,10.4012129,"469 59 500",5,ChIJt8RABbcVQUYRCofmQCqDvT4
waytrafl8231,"Way Trafikkskole",way.no/,"Stillverksveien 7, 2004 Lillestr칮m",Lillestr칮m,Viken,59.9530338,11.0476914,"902 13 939",,ChIJXae-oGZ9QUYRYCSpbQ7njEM
wrigtraf2306,"Wright Trafikkskole",wright.no/,"Porsnesbakken 2, 1772 Halden",Halden,Viken,59.12530840000002,11.3919241,"69 17 22 90",3.4,ChIJXfJoWcQSREYRRoXhAokYObo
wrigtraf4330,"Wright Trafikkskole",wright.no/,"Knoffs gate 10, 3044 Drammen",Drammen,Viken,59.7357324,10.2064818,"415 93 900",4.8,ChIJY8k8O7I8QUYRJCl5btgZQWA
wrigtraf5271,"Wright Trafikkskole",wright.no/avdelinger/Sarpsborg/,"Korsgata 10B, 1723 Sarpsborg",Sarpsborg,Viken,59.2825649,11.1064699,"69 13 39 30",2.5,ChIJB4ekPYQGREYRUOn_QcimbsM
writraas0269,"Wright Trafikkskole AS",wright.no/,"Sk친rersletta 18, 1473 L칮renskog",L칮renskog,Viken,59.92604590000001,10.9543699,"67 91 91 10",,ChIJ83QSZidlQUYRxqmAgIu2RME
writraas3559,"Wright Trafikkskole AS",wright.no/,"Mattias Skytters vei 17, 1482 Nittedal",Nittedal,Viken,60.0465827,10.8803541,"63 81 60 10",3,ChIJRXakMTJ3QUYRQH0FbUYBkrM
writraas3844,"Wright Trafikkskole AS",wright.no/,"Gamle Isevei 59, 1738 Borgenhaugen",Sarpsborg,Viken,59.2694559,11.1640115,"69 97 13 00",3.6,ChIJvb8PmuIFREYRnTZ7tlkwyFQ
writraas5156,"Wright Trafikkskole AS",wright.no/,"Veumveien 26, 1613 Fredrikstad",Fredrikstad,Viken,59.22294470000001,10.9300973,"69 31 96 96",4.3,ChIJbwe1HOcCREYRjFeR7rd9_6M
writraas5663,"Wright Trafikkskole AS",wright.no/,"Trondheimsvegen - Jessheim 106, 2050 Jessheim",Ullensaker,Viken,60.14576469999999,11.168825,"63 98 24 50",4.1,ChIJZcVFVr2BQUYRqGj62j3OmWo
writraas6800,"Wright Trafikkskole AS",wright.no/,"Nydalsveien 33, 0484 Oslo","Oslo kommune",Oslo,59.9501972,10.7661248,"469 59 660",3.4,ChIJ6Yy36RtuQUYRbohnCMCExAk
writraas7113,"Wright Trafikkskole AS",wright.no/,"Gjerdrumsgata 41, 2000 Lillestr칮m",Lillestr칮m,Viken,59.9598658,11.0443788,"63 81 60 10",4,ChIJFalDN2B7QUYRZ3NrURHUtCE
writraas7604,"Wright Trafikkskole AS",wright.no/,"Welhavens gate 9, 1530 Moss",Moss,Viken,59.4334917,10.6695159,"69 24 33 30",4.2,ChIJr_5FYp5SQUYRMhNI-ETP4Pg
writraas8851,"Wright trafikkskole AS",wright.no/,"Alfheim 28, 1384 Asker",Asker,Viken,59.8327721,10.4370716,"66 78 75 25",4.2,ChIJB5H4orAVQUYR1dQA5cwxSOw
writunsk1565,"Wright Tungbil skole lier",wright.no/,"Husebysletta 13, 3400 Lier",Lier,Viken,59.7574249,10.2679229,"458 37 046",,ChIJwQXJ_8o9QUYRhysEEL3OIhQ
wriyrkdr9711,"Wright Yrkessj친f칮r Drammen",wright.no/,"Kobbervikdalen 99, 3036 Drammen",Drammen,Viken,59.7019792,10.242912,"458 32 544",4,ChIJL-kHi3E7QUYRwFA9na28-o4
wrtravul0432,"Wright Trafikkskole avd. Ullern",wright.no/avdelinger/Oslo-Ullern/,"V칝ker칮veien 26, 0282 Oslo","Oslo kommune",Oslo,59.9199692,10.6497745,"66 78 75 25",5,ChIJEZaphXRtQUYRDr4JdHCMABU
wrtroshe5754,"Wright Trafikkskole Oslo heavy vehicle",wright.no/,"Garver Ytteborgs vei 96, 0977 Oslo","Oslo kommune",Oslo,59.95367299999999,10.9062367,"22 78 78 78",3.7,ChIJ2TbB9q56QUYRN86CMB-Q4zg
